transaction_category_id,sum_amount,num_users
6,3307.4100000000003,71
0,3966.9799999999996,76
3,3407.1899999999996,59
4,3096.4799999999987,65
8,3472.7,73
7,5056.589999999998,89
1,3334.4599999999996,69
2,3948.7399999999993,73
5,3952.0099999999998,77
9,3503.94,70
10,3843.7900000000004,76
